<?xml version="1.0" encoding="UTF-8"?>
<!DOCTYPE mapper PUBLIC "-//mybatis.org//DTD Mapper 3.0//EN" "http://mybatis.org/dtd/mybatis-3-mapper.dtd">
<mapper namespace="com.docmall.demo.mapper.BoardMapper">

	<insert id="write" parameterType="com.docmall.demo.domain.BoardVO">
	
		INSERT INTO
			board(bno, title, content, writer)
		VALUES
			(SEQ_BOARD.NEXTVAL, #{title}, #{content}, #{writer} )
		
	</insert>
	
	<select id="list" resultType="com.docmall.demo.domain.BoardVO">
	
		SELECT 
			bno, title, content, writer, regdate, updatedate, viewcount
		FROM 
			board 
		ORDER BY 
			bno DESC
	
	</select>

	<update id="readCount" parameterType="Long">
	
		UPDATE
			board
		SET
			viewcount = viewcount + 1
		WHERE
			bno = #{bno}
	
	</update>
	
	<select id="get" resultType="com.docmall.demo.domain.BoardVO" parameterType="Long">
	
		SELECT 
			bno, title, content, writer, regdate, updatedate, viewcount
		FROM 
			board 
		WHERE 
			bno = #{bno}
	
	</select>
	
	<update id="modify" parameterType="com.docmall.demo.domain.BoardVO">
	
		UPDATE 
			board
    	SET 
    		title = #{title}, content = #{content}, updatedate = sysdate
		WHERE 
			bno = #{bno}
	
	</update>
	
	<delete id="delete" parameterType="Long">
	
		DELETE FROM
			board
		WHERE
			bno = #{bno}			
	
	
	</delete>

</mapper>