<?xml version="1.0" encoding="UTF-8"?>
<!-- 15초마다 설정 파일의 변경을 확인 하여 변경시 갱신 -->
<configuration scan="true" scanPeriod="15 seconds">
    <!-- Server Log Config -->
    <springProfile name="dev">
        <property resource="application.properties"/>
        <!-- log file path -->
        <property name="LOG_PATH" value="${log.config.path}"/>
        <!-- log file name -->
        <property name="LOG_FILE_NAME" value="${log.config.filename}"/>
        <!-- err log file name -->
        <property name="ERR_LOG_FILE_NAME" value="${error.log.config.filename}"/>
        <!-- log pattern -->
        <property name="LOG_PATTERN" value="%-5level %d{yy-MM-dd HH:mm:ss} [%thread] [%logger{0}-%M:%line] - %msg%n "/>

        <appender name="DEV_CONSOLE" class="ch.qos.logback.core.ConsoleAppender">
            <encoder class="ch.qos.logback.classic.encoder.PatternLayoutEncoder">
                <pattern>${LOG_PATTERN}</pattern>
            </encoder>
        </appender>

        <appender name="FILE" class="ch.qos.logback.core.rolling.RollingFileAppender">
            <!-- 파일경로 설정 -->
            <file>${LOG_PATH}/${LOG_FILE_NAME}.log</file>
            <!-- 출력패턴 설정-->
            <encoder class="ch.qos.logback.classic.encoder.PatternLayoutEncoder">
                <pattern>${LOG_PATTERN}</pattern>
            </encoder>
            <!-- Rolling 정책 (파일 관리설정) -->
            <rollingPolicy class="ch.qos.logback.core.rolling.TimeBasedRollingPolicy">
                <!-- .gz,.zip 등을 넣으면 자동 일자별 로그파일 압축 -->
                <fileNamePattern>${LOG_PATH}/${LOG_FILE_NAME}.%d{yyyy-MM-dd}_%i.log</fileNamePattern>
								<!--    파일 크기 지정할떄 사용 -->                
				<timeBasedFileNamingAndTriggeringPolicy class="ch.qos.logback.core.rolling.SizeAndTimeBasedFNATP">
                    <!-- 파일당 최고 용량 kb, mb, gb -->
                    <maxFileSize>10MB</maxFileSize>
                </timeBasedFileNamingAndTriggeringPolicy>
                <!-- 일자별 로그파일 최대 보관주기(~일), 해당 설정일 이상된 파일은 자동으로 제거-->
                <maxHistory>30</maxHistory>
                <!--<MinIndex>1</MinIndex> <MaxIndex>10</MaxIndex>-->
            </rollingPolicy>
        </appender>

        <appender name="Error" class="ch.qos.logback.core.rolling.RollingFileAppender">
            <filter class="ch.qos.logback.classic.filter.LevelFilter">
                <!-- 에러로그를 설정하고 로그의 레벨이 맞으면 onMatch, 아니라면 onMismatch  -->
                <level>error</level>
                <onMatch>ACCEPT</onMatch>
                <onMismatch>DENY</onMismatch>
            </filter>
            <file>${LOG_PATH}/${ERR_LOG_FILE_NAME}.log</file>
            <encoder class="ch.qos.logback.classic.encoder.PatternLayoutEncoder">
                <pattern>${LOG_PATTERN}</pattern>
            </encoder>
            <!-- Rolling 정책 -->
            <rollingPolicy class="ch.qos.logback.core.rolling.TimeBasedRollingPolicy">
                
                <fileNamePattern>${LOG_PATH}/${ERR_LOG_FILE_NAME}.%d{yyyy-MM-dd}_%i.log</fileNamePattern>
                <timeBasedFileNamingAndTriggeringPolicy class="ch.qos.logback.core.rolling.SizeAndTimeBasedFNATP">
             
                    <maxFileSize>10MB</maxFileSize>
                </timeBasedFileNamingAndTriggeringPolicy>
              
                <maxHistory>30</maxHistory>
            </rollingPolicy>
        </appender>
        <root>
            <appender-ref ref="DEV_CONSOLE"/>
            <appender-ref ref="FILE"/>
            <appender-ref ref="Error"/>
        </root>

    </springProfile>
</configuration>
